comment_text,depth,author,score,created_utc,comment_id,parent_id,preprocessed_text,cluster_id,topic_keywords
"The reactions from this fall along the lines of people who have service jobs who enjoy that WFH lifestyle, and the people who have jobs or lives that requrie them to work with city employees who are literally phoning it in.

Used to be a trip to city hall could resolve issues with permits, multiple agencies, or visiting the office of your rep to meet or at least make an appointment.

The building is just empty, and that shit doesn't work for a class of public sector employees who's main role is working for the public.",0,meaniereddit,118.0,1723048449.0,lgynphg,1emfw6e,"the reactions from this fall along the lines of people who have service jobs who enjoy that wfh lifestyle, and the people who have jobs or lives that requrie them to work with city employees who are literally phoning it in. used to be a trip to city hall could resolve issues with permits, multiple agencies, or visiting the office of your rep to meet or at least make an appointment. the building is just empty, and that shit doesn't work for a class of public sector employees who's main role is working for the public.",8,"shit, people, permits, public, red, city, work, staff, make, meetings"
"Since govt employees went to work from home, can we house those homeless people into those empty buildings?",1,q_ali_seattle,2.0,1723053036.0,lgz2uz4,lgynphg,"since govt employees went to work from home, can we house those homeless people into those empty buildings?",12,"govt employees, govt, work, people buildings, home house, house, went work, homeless, homeless people, employees went"
You are full of shit. The city desk have always been stocked with people and if you want a meeting all you have to do is ask. Quit fear mongering troll and head back to Fremont,1,beerandwhiskeydrunk,11.0,1723054683.0,lgz89xn,lgynphg,you are full of shit. the city desk have always been stocked with people and if you want a meeting all you have to do is ask. quit fear mongering troll and head back to fremont,8,"shit, people, permits, public, red, city, work, staff, make, meetings"
"Returning to the office should be a big nothing burger then, huh sport",2,meaniereddit,-1.0,1723054993.0,lgz9asu,lgz89xn,"returning to the office should be a big nothing burger then, huh sport",0,"big, office, hands, handle, hand, hall, half, govt employees, govt, government"
"This isn't difficult, if your job requires you to be physically present you should be physically present. A broad brushed mandate to send everyone back clearly misses this nuance.",1,[deleted],80.0,1723055447.0,lgzasbz,lgynphg,"this isn't difficult, if your job requires you to be physically present you should be physically present. a broad brushed mandate to send everyone back clearly misses this nuance.",9,"job, present, unions, complain, mandate, clearly, requires, isn, government, fine"
"If your job is location based ( city ) and all your co-workers and customers are in the same location ( city hall ) then you should be located at the same location.

If there are so many city workers that don't have to be local, then we should outsource their roles to cheaper COL employees/contractors to help with the overall budget.",2,meaniereddit,5.0,1723056078.0,lgzcuwh,lgzasbz,"if your job is location based ( city ) and all your co-workers and customers are in the same location ( city hall ) then you should be located at the same location. if there are so many city workers that don't have to be local, then we should outsource their roles to cheaper col employees/contractors to help with the overall budget.",3,"city, help, says, 100k, democrats, don, little, bring, coming, money"
This causes traffic jam to be high unnecessarily.,2,Sweaty-Attempted,5.0,1723078396.0,lh18cwy,lgzasbz,this causes traffic jam to be high unnecessarily.,1,"city, city employees, employees, traffic, city government, government, half, downtown, mayor, head"
"Agreed, dick move. But then companies are less motivated to spend money on office space, which affects property owners, as well as coffee shops and restaurants nearby that might end up with fewer or no customers at all",2,VSirius,1.0,1723101201.0,lh2lek7,lgzasbz,"agreed, dick move. but then companies are less motivated to spend money on office space, which affects property owners, as well as coffee shops and restaurants nearby that might end up with fewer or no customers at all",13,"mayor, space, office space, office, new, downtown, companies, time, positions, current"
100% this. Probably 90% of government employees are not in public facing customer service roles.,2,izzletodasmizzle,4.0,1723090105.0,lh21l67,lgzom8e,100% this. probably 90% of government employees are not in public facing customer service roles.,2,"probably, facing, customer, public facing, roles, public, customer service, service, person, extra"
The real reality is that half of the city employees are expendable.,2,Easy_Opportunity_905,1.0,1723104376.0,lh2q9l8,lgzom8e,the real reality is that half of the city employees are expendable.,1,"city, city employees, employees, traffic, city government, government, half, downtown, mayor, head"
"The city is doing this the same reason all other major employers in seattle have done it. Layoffs are coming. Lots of people accepted their current job based off the remote policy at time of hire. If employers can get some people to leave on their own it reduces their cost by not having to fire the person. 

True motivations aren't the regurgitated words like collaboration, equity, synergy and the instance that coworkers want to be friends. True motivations are usually the ugly truth management won't speak about outside their closed door meetings.",2,Usual-Culture2706,2.0,1723156979.0,lh6pyjc,lgzom8e,"the city is doing this the same reason all other major employers in seattle have done it. layoffs are coming. lots of people accepted their current job based off the remote policy at time of hire. if employers can get some people to leave on their own it reduces their cost by not having to fire the person. true motivations aren't the regurgitated words like collaboration, equity, synergy and the instance that coworkers want to be friends. true motivations are usually the ugly truth management won't speak about outside their closed door meetings.",6,"seattle, talking, 100k, people, spend, day, reason, mayor, employers, actively"
Hear hear. Getting anything done over emails/calls with city was always impossible. What worked was going down to the counter and forcing them to. Now there is no counter and emails/calls still donâ€™t work. If these people canâ€™t bother to come to work then get people who can.,1,Accomplished-Wash381,7.0,1723078876.0,lh19okp,lgynphg,hear hear. getting anything done over emails/calls with city was always impossible. what worked was going down to the counter and forcing them to. now there is no counter and emails/calls still donâ€™t work. if these people canâ€™t bother to come to work then get people who can.,11,"fucking, home, work, best, people, need, city, pay, getting, really"
SDCI customer service was a shit show for the last few years. It's still a shit show but at least now you can complain to someone in person about it. Hopefully once they've been back at the office long enough they'll get some customer service figured out.,1,BWW87,3.0,1723085909.0,lh1ryve,lgynphg,sdci customer service was a shit show for the last few years. it's still a shit show but at least now you can complain to someone in person about it. hopefully once they've been back at the office long enough they'll get some customer service figured out.,2,"probably, facing, customer, public facing, roles, public, customer service, service, person, extra"
? The counters are always staffed and you get easily set up meetings with permits staff via calling or email.,1,hypsignathus,1.0,1723087453.0,lh1vnvo,lgynphg,? the counters are always staffed and you get easily set up meetings with permits staff via calling or email.,8,"shit, people, permits, public, red, city, work, staff, make, meetings"
"Mayor: ""If were are paying you 100k to sit around all day, at least spend some of it in Seattle.""",0,svengalus,21.0,1723055827.0,lgzc149,1emfw6e,"mayor: ""if were are paying you 100k to sit around all day, at least spend some of it in seattle.""",6,"seattle, talking, 100k, people, spend, day, reason, mayor, employers, actively"
100k for city officials? Where can I sign up,1,wichwigga,6.0,1723080430.0,lh1dv0j,lgzc149,100k for city officials? where can i sign up,3,"city, help, says, 100k, democrats, don, little, bring, coming, money"
"The average cubicle could cost an extra $20k+ per year if you factor in electricity, facilities, security, rent, internet. If the argument is costs, youâ€™re better off letting them stay home if they donâ€™t have customer facing roles.",1,GotProof,5.0,1723095507.0,lh2c041,lgzc149,"the average cubicle could cost an extra $20k+ per year if you factor in electricity, facilities, security, rent, internet. if the argument is costs, youâ€™re better off letting them stay home if they donâ€™t have customer facing roles.",2,"probably, facing, customer, public facing, roles, public, customer service, service, person, extra"
The City Government should be available to the people of the city.  This only makes sense,0,somenamestakenn,32.0,1723051555.0,lgyxy97,1emfw6e,the city government should be available to the people of the city. this only makes sense,1,"city, city employees, employees, traffic, city government, government, half, downtown, mayor, head"
"Jeez. Mandate. They work for public should be available for public service. I'm tired of this remote work for govt employees.Â 


Since govt employees went to work from home, can you house those homeless people into those empty buildings?Â Â ",1,q_ali_seattle,-18.0,1723052978.0,lgz2o1f,lgyxy97,"jeez. mandate. they work for public should be available for public service. i'm tired of this remote work for govt employees. since govt employees went to work from home, can you house those homeless people into those empty buildings?",12,"govt employees, govt, work, people buildings, home house, house, went work, homeless, homeless people, employees went"
"I represent maintenance workers at a housing authority - during covid we were trying to get hazard pay for them as they were the only people in the entire organization not working from home (obviously you need to go to the buildings you are maintaining) but the executive teams reasoning for them not getting it was ""you know, it's hard to work from home to so that wouldn't be fair"". The best part was the executive team was getting covid left and right while the maintenance crew wasn't - almost like these people ""working from home"" were just doing whatever the fuck they wanted and going out in the public and fraternizing  but claimed it was far to dangerous to go into the office. I wish people would stop acting like they are entitled to work from home - it's not a right and it came about bc of a fucking pandemic - pandemic is over, go to work if that's what is asked of you or go find another job. Rant over.",2,alittlebitneverhurt,4.0,1723058239.0,lgzjwgh,lgz2o1f,"i represent maintenance workers at a housing authority - during covid we were trying to get hazard pay for them as they were the only people in the entire organization not working from home (obviously you need to go to the buildings you are maintaining) but the executive teams reasoning for them not getting it was ""you know, it's hard to work from home to so that wouldn't be fair"". the best part was the executive team was getting covid left and right while the maintenance crew wasn't - almost like these people ""working from home"" were just doing whatever the fuck they wanted and going out in the public and fraternizing but claimed it was far to dangerous to go into the office. i wish people would stop acting like they are entitled to work from home - it's not a right and it came about bc of a fucking pandemic - pandemic is over, go to work if that's what is asked of you or go find another job. rant over.",11,"fucking, home, work, best, people, need, city, pay, getting, really"
"What's your definition of ""available""? Are you saying that every public employee should be able to present themselves on the spot, in person, if you request it? Most roles aren't public facing and can perform their duties just fine remotely.",1,izzletodasmizzle,13.0,1723090219.0,lh21tyz,lgyxy97,"what's your definition of ""available""? are you saying that every public employee should be able to present themselves on the spot, in person, if you request it? most roles aren't public facing and can perform their duties just fine remotely.",2,"probably, facing, customer, public facing, roles, public, customer service, service, person, extra"
"There's a lot of jobs, though, that aren't public facing and have zero benefit being in-person.

Unless you like the extra traffic.",1,unimportantop,1.0,1723183842.0,lh8ha5f,lgyxy97,"there's a lot of jobs, though, that aren't public facing and have zero benefit being in-person. unless you like the extra traffic.",2,"probably, facing, customer, public facing, roles, public, customer service, service, person, extra"
"Let's just cut the bullshit Rivera. People have been doing their jobs from home for years now with no real issues with productivity. The cat is out of the bag, pandora's box is opened, etc. This isn't about the injustice of some people being able to work from home while some can't either.

You're trying to force a comeback for Downtown Seattle by making more people come back into town and I wouldn't be surprised if you were actively talking to business leaders in Seattle to make that happen. 

Instead of making Seattle a place people want to come to by making it a desirable place to be, you've decided to go down the route that requires the least amount of effort on your part and have decided to try to force Seattle upon everyone. 

It's the same antiquated leadership ideals you're seeing all across the Greater Seattle Area. Just stop trying to sell me a line on bullshit.",0,Nepalus,30.0,1723055912.0,lgzcb84,1emfw6e,"let's just cut the bullshit rivera. people have been doing their jobs from home for years now with no real issues with productivity. the cat is out of the bag, pandora's box is opened, etc. this isn't about the injustice of some people being able to work from home while some can't either. you're trying to force a comeback for downtown seattle by making more people come back into town and i wouldn't be surprised if you were actively talking to business leaders in seattle to make that happen. instead of making seattle a place people want to come to by making it a desirable place to be, you've decided to go down the route that requires the least amount of effort on your part and have decided to try to force seattle upon everyone. it's the same antiquated leadership ideals you're seeing all across the greater seattle area. just stop trying to sell me a line on bullshit.",6,"seattle, talking, 100k, people, spend, day, reason, mayor, employers, actively"
"> actively talking to business leaders in Seattle

From the way my company keeps talking about RTO, this is the only reason that makes sense to me.",1,ColonelError,7.0,1723064968.0,lh05y2p,lgzcb84,"> actively talking to business leaders in seattle from the way my company keeps talking about rto, this is the only reason that makes sense to me.",6,"seattle, talking, 100k, people, spend, day, reason, mayor, employers, actively"
"Lol, if you believe that I have abridge to sell you.  Maybe 20% of employees are as productive remote.  Of course way more think they are special unicorns.  Easier to just bring em back.",1,PleasantWay7,-1.0,1723075721.0,lh1151p,lgzcb84,"lol, if you believe that i have abridge to sell you. maybe 20% of employees are as productive remote. of course way more think they are special unicorns. easier to just bring em back.",7,"good, think, way, sure, don like, wfh, let, transit, trains, public transit"
"What the heck are you talking about?

Was at one of the big 3 around here when COVID hit, guess what? Nothing stopped. We all went home, logged in, and kept doing the job.

Products got released on time, contracts were signed on time, big deals were made on time. We had meetings every quarter where leadership got online and talked about how we were beating revenue, our KPI's, etc.

Now all the sudden once the situation has settled down, we need to ""get back into the office"" because ""productivity is down"" after multiple years of us kicking ass and experiencing huge stock gains all throughout the WFH era. Sounds like you already bought the bridge partner.

Because what it really is, is a bunch of Boomer bosses that don't like change, a bunch of middle managers that need to justify their existence, and a C-Suite that needs to justify the leases and ownership of these giant ass buildings. Meanwhile whenever I come in there's tons of inefficiencies. People have to commute and run into traffic and are late for meetings, sometimes their childcare falls through and they have to handle that and are stuck at home anyway, all the fucking bullshitting about Debbie's stupid kids and Craig's failing marriage in the hallway, the lunches that all the sudden turn from an hour in front of my home computer to hour and a half plus in the cafe because I'm with the team and the aforementioned bullshitting runs long... I could go on and on.

They also haven't even bothered hiring back half the staff that made coming in even worth it. No onsite IT, EA's are down, there's not enough seats/offices to go around because we've hired so much, the morale budget hasn't been brought back up to speed and we don't even get to have the traditional events, happy hours, gifts, etc. anymore.

I go in about twice a week when my manager and most of my team is in because I actually like my team and I am close to campus so I can't really bitch all that much. But if I had the commute some of my teammates do, you'd be lucky to see my ass more than once every other week. If I did show up too, I'd be out right after lunch to beat traffic and finish from home after I got my badge in for the day.",2,Nepalus,5.0,1723078349.0,lh188ap,lh1151p,"what the heck are you talking about? was at one of the big 3 around here when covid hit, guess what? nothing stopped. we all went home, logged in, and kept doing the job. products got released on time, contracts were signed on time, big deals were made on time. we had meetings every quarter where leadership got online and talked about how we were beating revenue, our kpi's, etc. now all the sudden once the situation has settled down, we need to ""get back into the office"" because ""productivity is down"" after multiple years of us kicking ass and experiencing huge stock gains all throughout the wfh era. sounds like you already bought the bridge partner. because what it really is, is a bunch of boomer bosses that don't like change, a bunch of middle managers that need to justify their existence, and a c-suite that needs to justify the leases and ownership of these giant ass buildings. meanwhile whenever i come in there's tons of inefficiencies. people have to commute and run into traffic and are late for meetings, sometimes their childcare falls through and they have to handle that and are stuck at home anyway, all the fucking bullshitting about debbie's stupid kids and craig's failing marriage in the hallway, the lunches that all the sudden turn from an hour in front of my home computer to hour and a half plus in the cafe because i'm with the team and the aforementioned bullshitting runs long... i could go on and on. they also haven't even bothered hiring back half the staff that made coming in even worth it. no onsite it, ea's are down, there's not enough seats/offices to go around because we've hired so much, the morale budget hasn't been brought back up to speed and we don't even get to have the traditional events, happy hours, gifts, etc. anymore. i go in about twice a week when my manager and most of my team is in because i actually like my team and i am close to campus so i can't really bitch all that much. but if i had the commute some of my teammates do, you'd be lucky to see my ass more than once every other week. if i did show up too, i'd be out right after lunch to beat traffic and finish from home after i got my badge in for the day.",11,"fucking, home, work, best, people, need, city, pay, getting, really"
[That's not what studies show](https://www.nature.com/articles/s41586-024-07500-2),2,earthwulf,3.0,1723097794.0,lh2fxtm,lh1151p,[that's not what studies show](,1,"city, city employees, employees, traffic, city government, government, half, downtown, mayor, head"
"Return to work will have the opposite desired outcome like most city policies. Increasing the cost to work isn't going to increase the amount of discretionary income city workers have to spend downtown. Ironically this will cause people to bring coffee and food from home instead of treating themselves to something on their office days.

Ignoring the fact this push for 3 days a week is just to push some people out the door or into retirement. Anyone they can get to leave voluntarily right now reduces the number of layoffs they'll announce once the next budget is finalized. 

November is a weird ass time to try to revitalize downtown. People go out in the summer. November is however around the time 2025 budget will materialize.",1,Usual-Culture2706,2.0,1723157743.0,lh6s4cm,lgzcb84,return to work will have the opposite desired outcome like most city policies. increasing the cost to work isn't going to increase the amount of discretionary income city workers have to spend downtown. ironically this will cause people to bring coffee and food from home instead of treating themselves to something on their office days. ignoring the fact this push for 3 days a week is just to push some people out the door or into retirement. anyone they can get to leave voluntarily right now reduces the number of layoffs they'll announce once the next budget is finalized. november is a weird ass time to try to revitalize downtown. people go out in the summer. november is however around the time 2025 budget will materialize.,11,"fucking, home, work, best, people, need, city, pay, getting, really"
"This is not being done because the city government dislikes city employees, and even if they did, city employees have a lot of protections. It is being done because the political leaders in this city receive campaign contributions and kickbacks from property owners who own downtown buildings. They are trying to increase the usage of services, boost sales, and occupy buildings.

Some tasks can be carried out remotely as effectively as in person, while others benefit from team collaboration, interdepartmental teams, and providing mentorship for new employees. The commute to downtown is a concern, but long-term city employees should have already taken that into account when applying for and accepting their positions. Downtown is well-served by public transit, roads, bus connections, ferries, trains, etc. This does not mean commuting there is easy or pleasant, but it is better than other locations.",0,throwaway7126235,3.0,1723131569.0,lh4fv9o,1emfw6e,"this is not being done because the city government dislikes city employees, and even if they did, city employees have a lot of protections. it is being done because the political leaders in this city receive campaign contributions and kickbacks from property owners who own downtown buildings. they are trying to increase the usage of services, boost sales, and occupy buildings. some tasks can be carried out remotely as effectively as in person, while others benefit from team collaboration, interdepartmental teams, and providing mentorship for new employees. the commute to downtown is a concern, but long-term city employees should have already taken that into account when applying for and accepting their positions. downtown is well-served by public transit, roads, bus connections, ferries, trains, etc. this does not mean commuting there is easy or pleasant, but it is better than other locations.",1,"city, city employees, employees, traffic, city government, government, half, downtown, mayor, head"
"Yes, add more congestion to I5, less available parking spaces! Make the job shit so only shit people will apply.",0,generic-curiosity,20.0,1723052993.0,lgz2prv,1emfw6e,"yes, add more congestion to i5, less available parking spaces! make the job shit so only shit people will apply.",8,"shit, people, permits, public, red, city, work, staff, make, meetings"
Well maybe if everyone really was as productive as home as they are in the office this wouldn't have happened.,1,BrunsonBurnerTech,-3.0,1723059950.0,lgzpift,lgz2prv,well maybe if everyone really was as productive as home as they are in the office this wouldn't have happened.,11,"fucking, home, work, best, people, need, city, pay, getting, really"
"They are though. They want em in office cause managers want to be more hands on and building rent. If the job is getting done, who cares where itâ€™s getting done from/at",2,SexiestPanda,5.0,1723064876.0,lh05ndd,lgzpift,"they are though. they want em in office cause managers want to be more hands on and building rent. if the job is getting done, who cares where itâ€™s getting done from/at",4,"getting, paid, care, want, day, office, clearly, stupid, justify, low"
getting paid to take care of personal matters during th day,2,itstreeman,0.0,1723065557.0,lh07swa,lgzpift,getting paid to take care of personal matters during th day,4,"getting, paid, care, want, day, office, clearly, stupid, justify, low"
You mean they'll hire the same people based on nepotism and DEI like they've always done? Oh no!,1,Critical_Court8323,1.0,1723131919.0,lh4h080,lgz2prv,you mean they'll hire the same people based on nepotism and dei like they've always done? oh no!,10,"oh, hire, mean, ll, based, ve, like, people, govt, going"
Some wealthy donor who owns office space downtown must have called the mayor on his cell phone to demand the return.,0,MrBlonde_SD,11.0,1723063461.0,lh011r4,1emfw6e,some wealthy donor who owns office space downtown must have called the mayor on his cell phone to demand the return.,13,"mayor, space, office space, office, new, downtown, companies, time, positions, current"
I think this is good.,0,TappyMauvendaise,5.0,1723061105.0,lgztaux,1emfw6e,i think this is good.,7,"good, think, way, sure, don like, wfh, let, transit, trains, public transit"
This was already posted yesterday with the exact same title.,0,coffeebribesaccepted,4.0,1723057283.0,lgzgtq7,1emfw6e,this was already posted yesterday with the exact same title.,1,"city, city employees, employees, traffic, city government, government, half, downtown, mayor, head"
Probably see it again tomorrow.  Thatâ€™s Reddit for ya,1,Relevant_Winter1952,2.0,1723067083.0,lh0cio5,lgzgtq7,probably see it again tomorrow. thatâ€™s reddit for ya,2,"probably, facing, customer, public facing, roles, public, customer service, service, person, extra"
"My wife works for the city in IT and she says it is embarrassing how little everyone works. They are all unionized, entrenched, and don't want to have to learn or do anything.

I doubt this will help.",0,PM_ME_UR_NUDE_TAYNES,9.0,1723061058.0,lgzt5dt,1emfw6e,"my wife works for the city in it and she says it is embarrassing how little everyone works. they are all unionized, entrenched, and don't want to have to learn or do anything. i doubt this will help.",3,"city, help, says, 100k, democrats, don, little, bring, coming, money"
"For the sake of argument, then pay the people the same wage as other private IT companies pay.... I'm sure the city pays abysmally low compared to the major employers such as Amazon, Microsoft, Google, etc. in this area.",1,izzletodasmizzle,1.0,1723090413.0,lh228yy,lgzt5dt,"for the sake of argument, then pay the people the same wage as other private it companies pay.... i'm sure the city pays abysmally low compared to the major employers such as amazon, microsoft, google, etc. in this area.",11,"fucking, home, work, best, people, need, city, pay, getting, really"
"Nah, they are paid fine, and they get pension .

They need to fire all of them.",2,PM_ME_UR_NUDE_TAYNES,2.0,1723129613.0,lh49kxz,lh228yy,"nah, they are paid fine, and they get pension . they need to fire all of them.",11,"fucking, home, work, best, people, need, city, pay, getting, really"
Oh the humanity!,0,aseattlem,2.0,1723089033.0,lh1z8o4,1emfw6e,oh the humanity!,10,"oh, hire, mean, ll, based, ve, like, people, govt, going"
Good. If people donâ€™t like it I am sure there are WFH jobs they can find.,0,juancuneo,5.0,1723049672.0,lgyrq7i,1emfw6e,good. if people donâ€™t like it i am sure there are wfh jobs they can find.,7,"good, think, way, sure, don like, wfh, let, transit, trains, public transit"
Same view of police / police unions when they complain about how tough their job too?,1,izzletodasmizzle,2.0,1723090497.0,lh22fg5,lgyrq7i,same view of police / police unions when they complain about how tough their job too?,9,"job, present, unions, complain, mandate, clearly, requires, isn, government, fine"
Time for a new mayor,0,pacific_plywood,2.0,1723065930.0,lh08yvr,1emfw6e,time for a new mayor,13,"mayor, space, office space, office, new, downtown, companies, time, positions, current"
Shortsighted and incredibly stupid for a wide variety of reasons. Itâ€™s why voters should focus on the bolstering of the education system. The education system is clearly not working if weâ€™re getting this low level of critical thinking trying to justify going back to an office.,1,lazieryoda,0.0,1723056951.0,lgzfqe1,lgzbxgj,shortsighted and incredibly stupid for a wide variety of reasons. itâ€™s why voters should focus on the bolstering of the education system. the education system is clearly not working if weâ€™re getting this low level of critical thinking trying to justify going back to an office.,4,"getting, paid, care, want, day, office, clearly, stupid, justify, low"
"Letâ€™s be real, those trains would have been unmaintained anyways, one way or another. Canâ€™t be having good public transit in America!",2,SexiestPanda,-1.0,1723065067.0,lh0699f,lgzg66v,"letâ€™s be real, those trains would have been unmaintained anyways, one way or another. canâ€™t be having good public transit in america!",7,"good, think, way, sure, don like, wfh, let, transit, trains, public transit"
"Yes because the best of the best choose to....work from home and not give their best effort lol.

The best of the best choose to be on site as much as possible because the best of the best are hands on and get shit done",1,lokglacier,0.0,1723067323.0,lh0d96c,lgzbxgj,yes because the best of the best choose to....work from home and not give their best effort lol. the best of the best choose to be on site as much as possible because the best of the best are hands on and get shit done,11,"fucking, home, work, best, people, need, city, pay, getting, really"
"City jobs are desirable jobs. There's a reason politicians hand them out as political favors. They have great benefits are generally low stress and often have protections against getting fired for poor performance. The pay isn't bad either which is why the city always gets many more applicants than they need.

The hysteria in the last couple of threads from many of these entitled workers about having to return to the city they work for shows this is the right move. We saw the same hysteria during COVID from the Teacher's Unions and it cost our children dearly.",0,Critical_Court8323,1.0,1723132132.0,lh4hpht,1emfw6e,city jobs are desirable jobs. there's a reason politicians hand them out as political favors. they have great benefits are generally low stress and often have protections against getting fired for poor performance. the pay isn't bad either which is why the city always gets many more applicants than they need. the hysteria in the last couple of threads from many of these entitled workers about having to return to the city they work for shows this is the right move. we saw the same hysteria during covid from the teacher's unions and it cost our children dearly.,11,"fucking, home, work, best, people, need, city, pay, getting, really"
"As a reminder city policies rarely yield the results envisioned by the egomaniacal leadership/politicians. Since the idiot mayor envisions this helping to ""revitalize"" downtown you can almost count on the opposite happening.

It's reasonable to assume what little discretionary income city workers have to spend downtown will not increase when you effectively issue a pay cut by increasing the cost to work. Another day in office increases commuting costs, childcare and pet care costs, cuts down on free time, etc.... City employees are not about to start going to happy hours and shopping after work because they're required to be their. They're about to start bringing their lunches and coffees from home.....",0,Usual-Culture2706,1.0,1723155864.0,lh6mtjs,1emfw6e,"as a reminder city policies rarely yield the results envisioned by the egomaniacal leadership/politicians. since the idiot mayor envisions this helping to ""revitalize"" downtown you can almost count on the opposite happening. it's reasonable to assume what little discretionary income city workers have to spend downtown will not increase when you effectively issue a pay cut by increasing the cost to work. another day in office increases commuting costs, childcare and pet care costs, cuts down on free time, etc.... city employees are not about to start going to happy hours and shopping after work because they're required to be their. they're about to start bringing their lunches and coffees from home.....",1,"city, city employees, employees, traffic, city government, government, half, downtown, mayor, head"
Walking the walk I see. Â Insane how late to the party they are. Â Maybe more city employees will see first hand the product they are putting out there that the rest of us working plebes have had to endure. Â Watch your step now!,0,timute,-1.0,1723052402.0,lgz0r79,1emfw6e,walking the walk i see. insane how late to the party they are. maybe more city employees will see first hand the product they are putting out there that the rest of us working plebes have had to endure. watch your step now!,1,"city, city employees, employees, traffic, city government, government, half, downtown, mayor, head"
The mayor is the head of the city government?,1,Cerulean_IsFancyBlue,3.0,1723051156.0,lgywn1j,lgyslfe,the mayor is the head of the city government?,1,"city, city employees, employees, traffic, city government, government, half, downtown, mayor, head"
And we thought democrats would help regular people.,0,Sweaty-Attempted,1.0,1723078477.0,lh18ktc,1emfw6e,and we thought democrats would help regular people.,3,"city, help, says, 100k, democrats, don, little, bring, coming, money"
The current mayor and council are democrats in name only on many positions.,1,boringnamehere,1.0,1723102106.0,lh2mt3m,lh18ktc,the current mayor and council are democrats in name only on many positions.,13,"mayor, space, office space, office, new, downtown, companies, time, positions, current"
"Attempts to bring more money into the city.


The writing is on the wall and it says the cash cow is not coming back.",1,thisguypercents,14.0,1723047967.0,lgym4g0,lgyle72,attempts to bring more money into the city. the writing is on the wall and it says the cash cow is not coming back.,3,"city, help, says, 100k, democrats, don, little, bring, coming, money"
"Down town Seattle sucks.Â  Microsoft closed all of their off campus office space and most companies are taking space in Bellevue, or not at all.Â  No one wants to be ""downtown"" it just isn't a, pleasant place to be.",2,LostAbbott,19.0,1723050169.0,lgytdk9,lgym4g0,"down town seattle sucks. microsoft closed all of their off campus office space and most companies are taking space in bellevue, or not at all. no one wants to be ""downtown"" it just isn't a, pleasant place to be.",13,"mayor, space, office space, office, new, downtown, companies, time, positions, current"
Fucking booooooooo,0,poseidondeep,0.0,1723055953.0,lgzcg2p,1emfw6e,fucking booooooooo,11,"fucking, home, work, best, people, need, city, pay, getting, really"
I don't work for Seattle but I work for another city in the area and I will honestly say the biggest waste of money in public sector is all of the red tape that needs to be worked through just to install a door handle on the park shitter.,1,BrunsonBurnerTech,3.0,1723060067.0,lgzpwjz,lgykh1u,i don't work for seattle but i work for another city in the area and i will honestly say the biggest waste of money in public sector is all of the red tape that needs to be worked through just to install a door handle on the park shitter.,8,"shit, people, permits, public, red, city, work, staff, make, meetings"
Each one of those red tapes were put in place because of people in the public who look at every way to sue someone with deep pockets.,2,izzletodasmizzle,1.0,1723090576.0,lh22l9d,lgzpwjz,each one of those red tapes were put in place because of people in the public who look at every way to sue someone with deep pockets.,8,"shit, people, permits, public, red, city, work, staff, make, meetings"
The Seattle Mayer should be regulating nothing of the sort. Do any of you recognize the blatant illegal  act??,0,walk2future,0.0,1723083225.0,lh1l6p5,1emfw6e,the seattle mayer should be regulating nothing of the sort. do any of you recognize the blatant illegal act??,6,"seattle, talking, 100k, people, spend, day, reason, mayor, employers, actively"
How about five days lazy government fucks,0,[deleted],-12.0,1723053146.0,lgz386l,1emfw6e,how about five days lazy government fucks,5,"lazy, days, government, yes, fine, handle, hand, hall, half, govt employees"
C'mon. We're not all lazy ðŸ˜Ž,1,BrunsonBurnerTech,2.0,1723060111.0,lgzq1q3,lgz386l,c'mon. we're not all lazy ðŸ˜Ž,5,"lazy, days, government, yes, fine, handle, hand, hall, half, govt employees"
