comment_text,depth,author,score,created_utc,comment_id,parent_id
"The reactions from this fall along the lines of people who have service jobs who enjoy that WFH lifestyle, and the people who have jobs or lives that requrie them to work with city employees who are literally phoning it in.

Used to be a trip to city hall could resolve issues with permits, multiple agencies, or visiting the office of your rep to meet or at least make an appointment.

The building is just empty, and that shit doesn't work for a class of public sector employees who's main role is working for the public.",0,meaniereddit,118.0,1723048449.0,lgynphg,1emfw6e
"Since govt employees went to work from home, can we house those homeless people into those empty buildings?",1,q_ali_seattle,2.0,1723053036.0,lgz2uz4,lgynphg
You are full of shit. The city desk have always been stocked with people and if you want a meeting all you have to do is ask. Quit fear mongering troll and head back to Fremont,1,beerandwhiskeydrunk,11.0,1723054683.0,lgz89xn,lgynphg
"Returning to the office should be a big nothing burger then, huh sport",2,meaniereddit,-1.0,1723054993.0,lgz9asu,lgz89xn
"Legit. Yeah you are correct. But the idea of retaining the top talent for the city will be reduced. The city is doing something I think is dumb. You posted  blatant lie to get your point across. I believe that if Seattle is a city of tech they should fully embrace it. Maybe they reduce pay for folks who telework a reduced rate. Then rent out the space in the buildings the city owns to folks who want it. 

Let me say I donâ€™t want to scream into the void of Reddit to make my point but if you are going to make a statement back it up with facts. The numbers show that folks get the same or better services at the city since WFH. And if you did head to the hall or tower you still get service. 

So forgive me for the name calling. That was not needed.",3,beerandwhiskeydrunk,4.0,1723055519.0,lgzb0s9,lgz9asu
"> The numbers show that folks get the same or better services at the city since WFH. And if you did head to the hall or tower you still get service. 

[citation needed]",4,meaniereddit,11.0,1723055811.0,lgzbz6u,lgzb0s9
"LOL yeah, definitely need to see where they pulled that information from bc I don't believe it for a second.",5,alittlebitneverhurt,6.0,1723057917.0,lgziuz7,lgzbz6u
"https://www.seattle.gov/documents/departments/economicdevelopment/workforce/covid-19-recession-and-recovery-brief%20(1).pdf

Page 8",5,beerandwhiskeydrunk,-1.0,1723060177.0,lgzq9dw,lgzbz6u
"Applying the Seattle metro area jobs report to city hall workers isn't a thing.

>Seattle-Tacoma-Bellevue Metropolitan Statistical Area (Seattle MSA)

This report is also nearly 4 years old.",6,meaniereddit,2.0,1723062741.0,lgzyphj,lgzq9dw
"> if youâ€™re going to make a statement back it up 

>> proceeds to make a statement without backing it up",4,[deleted],4.0,1723059225.0,lgzn45k,lgzb0s9
"https://www.seattle.gov/documents/departments/economicdevelopment/workforce/covid-19-recession-and-recovery-brief%20(1).pdf

Page 8",5,beerandwhiskeydrunk,2.0,1723060130.0,lgzq3zp,lgzn45k
"https://preview.redd.it/497zbi1hsahd1.jpeg?width=1170&format=pjpg&auto=webp&s=c650a97d21019a2f166f2c82b0e9a6ce6061197f

How does this graph back your claim that the public is receiving better service with city employees working remote?",6,[deleted],2.0,1723060853.0,lgzshe6,lgzq3zp
"Productivity drops based on hours worked *and commute hours*.  Therefore it should be logical that fewer commute hours equals more work done.

But if you are hoping the city will hire more emoloyees and increase taxes then this is a great move.",3,Responsible-End7361,0.0,1723061547.0,lgzur22,lgz9asu
"The most productive people live in the same city would have low commutes and benefit the most.

solid logic, its great we all agree.",4,meaniereddit,0.0,1723067163.0,lh0crfi,lgzur22
"This isn't difficult, if your job requires you to be physically present you should be physically present. A broad brushed mandate to send everyone back clearly misses this nuance.",1,[deleted],80.0,1723055447.0,lgzasbz,lgynphg
"If your job is location based ( city ) and all your co-workers and customers are in the same location ( city hall ) then you should be located at the same location.

If there are so many city workers that don't have to be local, then we should outsource their roles to cheaper COL employees/contractors to help with the overall budget.",2,meaniereddit,5.0,1723056078.0,lgzcuwh,lgzasbz
"They already pay abysmally for civil service work. Unless you're suggesting we actually outsource (out of state/country), allowing any that can work remotely do so saves space on the road, increases retention, and widens the talent pool. 

I think they're trying to boost usage of link light to highlight the shiny new rail expansions, and popularize it for commuting.",3,ktrosemc,-1.0,1723065124.0,lh06fru,lgzcuwh
"> They already pay abysmally for civil service work.

The market salary is slightly lower which would be terrible except for the pensions, union protections and benefits like working from home 2 days a week, yeah sounds terrible.",4,meaniereddit,6.0,1723067264.0,lh0d2jp,lh06fru
"They shouldn't have to commute into seattle at all if there isn't a good reason to. 

Most of those have private sector equivalents that allow it all or almost all of the time, aren't in downtown seattle, or pay enough to live in the city.

Those positions (usually) are those that help keep everything running smoothly, and they're limiting the talent pool severely. 

The union is almost a joke. Our contract allowed them to not give us bathroom breaks for 10 hours.",5,ktrosemc,-1.0,1723067842.0,lh0etvi,lh0d2jp
"But they don't work for those other companies.  They work for the city government.  The city government ISN'T running smoothly, which is the problem.",6,redditusersmostlysuc,7.0,1723069292.0,lh0j35r,lh0etvi
"I would have thought they'd want to widen their talent pool then, not shrink it. If they have to scrape the bottom to replace quitting or retiring workers, won't things get even worse?",7,ktrosemc,1.0,1723289548.0,lhf7kft,lh0j35r
And if everything was running smoothly they would probably still allow it. Anyone who has dealt with the city the last few years know it's not running smoothly.,6,BWW87,1.0,1723086029.0,lh1s9iv,lh0etvi
"I doubt that's because a few computer-based workers are working on their computers in a different location. 

Working from home doesn't mean working less...more often people are working longer, and more efficiently.",7,ktrosemc,1.0,1723289771.0,lhf7z4l,lh1s9iv
"The customer service I was referring to was definitely because of work from home. Getting information from the city was so much harder when they were WFH. 

Not saying they worked less only that it didnâ€™t work.",8,BWW87,1.0,1723305886.0,lhgc15r,lhf7z4l
"Any employees that have any interaction with customers (the public), should NOT be wfh.",9,ktrosemc,1.0,1723750183.0,liaf0ku,lhgc15r
What pensions? They don't do those anymore.,5,ktrosemc,-1.0,1723087670.0,lh1w5px,lh0d2jp
"> 't have to commute into seattle at all if there isn't a good reason to.
> 
> Most of those have private sector equivalents that allow it all or almost all of the time, aren't in downtown seattle, or pay enough to live in the city.
> 
> Those positions (usually) are those that help keep everything running smoothly, and they're limiting the talent pool severely.
> 
> The union is almost a joke. Our contract allowed them to not give us bathroom breaks for 10 hours.

The City of Seattle has its own retirement system, and it is very generous. You can learn more about it by looking up the Seattle Employee Retirement System (SERS).",6,throwaway7126235,3.0,1723128979.0,lh47km5,lh1w5px
"Are you saying the city pays horribly?  Man, that isn't true.  Good wages, excellent benefits, pension.  WTF are you talking about?",4,redditusersmostlysuc,4.0,1723069225.0,lh0iwaj,lh06fru
"I was talking out of my ass, apparently. I was mixing up working for the city with working IN the city, for the state. Ignore me. I was incorrect.",5,ktrosemc,1.0,1723264904.0,lhe4c9n,lh0iwaj
">  you to be physically present you should be physically present. A broad brushed mandate to send everyone back clearly misses this nuanc

That's hyperbole. They don't pay as well as some private companies, but in comparison to other jobs in the public sector, the compensation isn't too bad. You also have stability, great benefits, and the best retirement plan available.",4,throwaway7126235,1.0,1723128779.0,lh46xqr,lh06fru
"I just checked out the plans, and they're both pretty good. That 2x match one is awesome, though.",5,ktrosemc,1.0,1723264768.0,lhe42r9,lh46xqr
"The older pension, which is calculated at 2% x years of service x maximum salary benefit, is unheard of outside the public sector. It costs the city roughly 14% of an employee's salary per year, which is significantly more than what almost any company would contribute to a 401k plan. The Financial Samurai blog did a post about the value of a pension, and even for a seemingly modest amount of $50k/year, it is valued at over $2M. This is something that should not be overlooked when considering working in the public sector. It is why you see a lot of wealthier and relatively younger police and firefighter retirees.",6,throwaway7126235,1.0,1723307687.0,lhghan1,lhe42r9
"This. A public meeting (or even an internal one) that spends half of its time saying â€œcan you hear me? Can you see my screen?â€ Is a waste of public money.

Synergy at the office is good.

Offices who let people work from home during holiday weeks or a few times a year are also good. But every day during the week is not the best use of time.",3,itstreeman,-7.0,1723065457.0,lh07hjv,lgzcuwh
It's 2024. If someone is still doing that regularly they should not be in an office job.,4,BWW87,4.0,1723085945.0,lh1s24l,lh07hjv
"Being a city employee doesn't mean you are location based. There are many roles within the city that do not require you to physically be at City Hall...

I work for a different city as a video producer. Most of my time is spent editing videos. I do not need to be at the city to do this, especially when my home computer is more powerful than what the city provides/can afford.",3,TON3R,15.0,1723092138.0,lh25r0g,lgzcuwh
"You could argue that being close to the people you are working with can help with collaboration. Perhaps that is not a part of your role, but even with video editing, the recipient of your video might want to stop by, ask questions, and make small changes. This can be done remotely, but a lot of relationship building is lost with remote work.",4,throwaway7126235,-2.0,1723128894.0,lh47at8,lh25r0g
"I work with remote video producers and editors all the time. For me, it is actually much easier to have a call with them where I can share my screen and thoughts and they can share their screen and thoughts, using written down notes, without having to stand over their shoulder or pull up a seat beside them and get into their workspace while they do changes or listen to my thoughts.",5,Certain-Spring2580,3.0,1723131018.0,lh4e2pz,lh47at8
"Yup, 100% this. I have had producers/directors stand over my shoulder during the edit process. It often takes longer, and chit chat undoubtedly happens (leading to a loss of productivity). A thorough email listing and explaining edit requests is much more efficient.",6,TON3R,2.0,1723132303.0,lh4i9j2,lh4e2pz
It is SO distracting to have some dude standing over your shoulder while you try things out. Just give them your edits and let them get you a new version. Jeez.,7,Certain-Spring2580,2.0,1723134330.0,lh4ouun,lh4i9j2
"im not sure how having 100% access to everyone with screensharing isnt helping you to build _more_ relationships.

maybe your org didnt adopt a video conf and msg system?  those are kind of mandatory if you need collaboration while wfh.",5,TortiousTordie,2.0,1723131520.0,lh4fpe5,lh47at8
"Being able to share your screen and send messages is different from relationship building. Yes, you can communicate similar information in person and remotely, and sometimes even better remotely since there is a record and tracking tasks may be easier. What is lost, however, is that it is harder to have spontaneous conversations and develop personal relationships. For a lot of introverts or people who do not want to fit into their organization, maybe that is fine. But most people like feeling valued and a part of their organization.",6,throwaway7126235,0.0,1723140349.0,lh58p6s,lh4fpe5
" i have spontaneous convo all the time... and its even better than in office because i can post up do-not-disturb if its bothering me.  i also have completely seperate channels of convo and other events. 

i highly recommend you explore gaming and development interpersonal skills more geared toward this century.  you may change your mind after experiencing how _much better_ interpersonal comms with the aid of tech.

hell, we have roughly 25% of our meetings at our desk because its just easier than cramming into a conf room and dragging a small laptop screen.   we're literally in-office but sitting at our desk on different floors because its just better.

> most people like feeling valied as a part of their org

if you aren't getting validation then it's not because of lack of RTO, its your organization not providing it.  call them out on it.   your boss and upper mgmt shouldnt be hands off just because youre not there physically.

i see this a lot from folks who dislike change... even know a few folks that still put up a fuss if a venue wont accept cash payments or they still take their paychecks to the quickymart to cash em cuz they dont trust banks.

im not saying you _have_ to change, im just saying you're making a lot of assumptions about ""most"" people and about WFH that are false.",7,TortiousTordie,2.0,1723142353.0,lh5faqr,lh58p6s
"Your personal experience is valid, and what works for you, your team, and organization might be the best way to operate for you and them. That doesn't mean that it applies to most people, other situations, or places to work. Studies show mixed results for both well-being and productivity, and more research probably needs to be done. 

Heavy-handed approaches are not the best way to motivate employees in the long-term, and it's not good for the health of an organization. Ideally, employees would have a strong job market and could find a firm that has ideals and a work environment that closely matches what they want. Some people benefit from in-person interactions, spontaneous conversations, asking co-workers questions, etc. Others are more independent, introverted, don't like people, etc., and that's fine. They have that option, you have your option, and the city employees have the option of changing jobs. 

[Article](https://hbr.org/2023/10/research-flexible-work-is-having-a-mixed-impact-on-employee-well-being-and-productivity)",8,throwaway7126235,1.0,1723143662.0,lh5jo6n,lh5faqr
"im trying to tell you exactly what youre telling me... that _your_ exp is the minority now.   just look at these comments...

if RTO was beneficial then we would all be clammering to go back.  nobody said you _cant_ go back theyre all saying they _dont want to_.

this post is getting so much traction _because we do not have an option_.  saying the option is avail ""to find another job"" is just like saying if i want to take birth control and i work for hobby lobby i can just ""find another job"".  of course quitting is an option, its just not a choice in these circumstances.   

the option of ""leave if you dont like it"" doesnt jive with your comments about how much everyone likes RTO and how much better it is.

These companies with forced RTO are experiencing brain drain and now the city will too... if you thought it was hard getting your permits before then just wait until the tribal knowledge exits and you gotta deal with what's left

note:  the article you posted is a  Gallup research poll... not sure if you meant that as a joke?  

https://en.m.wikipedia.org/wiki/Gallup,_Inc.#:~:text=Poll%20analyst%20Nate%20Silver%20found,six%20months%20reviewing%20its%20methodology.

> Â Poll analystÂ Nate SilverÂ found that Gallup's results were the least accurate of the 23 major polling firms

i used to work for them doing push polls as a teenager... id recommend when viewing a gallup poll to instead look at whom paid for it and the opinion gleaned.  thats all theyre good for, knowing that xyz was willing to pay $ to get data to back an opinion piece.",9,TortiousTordie,1.0,1723144590.0,lh5mogp,lh5jo6n
"Your experience and my experience are irrelevant for setting policy. Decision makers should review larger pools of data, or better information from within their own organization or industry.

People posting on an anonymous online forum are less likely to be extroverted and would prefer to be at home than interact with others. Sampling from the comments section here is not representative of a larger population or organization. 

The city is a great place to work and offers competitive pay and benefits. If people find it painful to follow directives, they can leave. They can also vote for different city executives who may not be receiving kickback money or campaign contributions.",10,throwaway7126235,1.0,1723153333.0,lh6fcu8,lh5mogp
"> Your experience and my experience are irrelevant for setting policy. Decision makers should review larger pools of data, or better information from within their own organization or industry.

our whole point is they did not... the RTO policy was instilled to save the business not the workers.  this was not some elaborate study and there were zero data points provided.  

> People posting on an anonymous online forum are less likely to be extroverted and would prefer to be at home than interact with others. Sampling from the comments section here is not representative of a larger population or organization. 

hot take considering your gallup polls... the evidence is overwhelming that the majority of workers prefer wfh, secondly they prefer hybrid, and lastly they take in person _if they have to_.  

first three google hits for you:
https://www.hrotoday.com/news/only-5-of-employees-prefer-working-in-the-office/#:~:text=More%20specifically%2C%2054%25%20want%20to,prefer%20full%2Dtime%20office%20work.

https://www.forbes.com/advisor/business/remote-work-statistics/

https://www.pewresearch.org/short-reads/2023/03/30/about-a-third-of-us-workers-who-can-work-from-home-do-so-all-the-time/

> The city is a great place to work and offers competitive pay and benefits. If people find it painful to follow directives, they can leave. They can also vote for different city executives who may not be receiving kickback money or campaign contributions.

lmfao... ""then you can leave"" is not a ""choice"" it's a forced decision.   At mininum we can agree on that right?",11,TortiousTordie,1.0,1723162721.0,lh75r6n,lh6fcu8
"Thereâ€™s no data that the city is offering that suggests that though. 

Itâ€™s simply a way to boost foot traffic for downtown businesses.",5,ElvishLore,2.0,1723131609.0,lh4fzvl,lh47at8
"Yes, I agree. The city and county are doing it for the wrong reasons. Having people in office to build teams and relationships is a reasonable justification. Dragging people in and making them change their schedules to get campaign contributions and kickbacks is the wrong reason and should be called out.",6,throwaway7126235,1.0,1723140040.0,lh57orh,lh4fzvl
"Collaboration is often thrown around as a way to defend in-person work. The reality is, more time is wasted in person, than if we were to send an email or do a quick Zoom call. I can't begin to tell you the number of meetings I have been in, that could have instead been well worded emails.",5,TON3R,8.0,1723132228.0,lh4i0qk,lh47at8
"I agree that there is a lot of wasted time in meetings, emails, and meta-meetings (meetings about meetings). That doesn't mean it isn't worthwhile to have people get together in person to build camaraderie, relationships, and have spontaneous interactions. Some people are not productive either way, but most people benefit from feeling a part of something bigger than themselves.",6,throwaway7126235,0.0,1723139901.0,lh5781b,lh4i0qk
"I agree that people benefit from feeling part of a team, but I don't agree that the only way to instill this camaraderie is by requiring in-person work. Pair with this, the fact that productivity skyrocketed during COVID when work from home was the norm, and the fact that work-life balance is easier to maintain, the argument in favor of fully remote or hybrid schedules wins out.",7,TON3R,2.0,1723141759.0,lh5dcjl,lh5781b
"The claim that productivity greatly increased is not accurate; the results are actually mixed. 

[Article](https://www.apollotechnical.com/working-from-home-productivity-statistics/)

[Study](https://bmcpsychology.biomedcentral.com/articles/10.1186/s40359-023-01221-3)

Work-life balance follows a similar trend, with some people reporting positive experiences and others facing loneliness and emotional exhaustion. 

[Study 2](https://www.ncbi.nlm.nih.gov/pmc/articles/PMC10612377/)

I agree with you and like the hybrid system. In my opinion, employers should trust their employees and give them flexibility.",8,throwaway7126235,0.0,1723143065.0,lh5holh,lh5dcjl
"The article you linked doesn't really say anything (outside of a throwaway paragraph at the end about some companies finding employees who worked remote to be unhappier, one of which was Microsoft, who still allows employees to be fully remote, so I have some doubts about this claim).

It actually states the following:

>ProdoscoreÂ reportsÂ an increase in productivity byÂ 47%Â since March of 2020 (compared to March and April 2019), and have deciphered when people are the most productive.

As for the negative mental impacts, I wonder how many of those studies took place during COVID, when you also weren't allowed to socialize with friends. Now that the pandemic is no longer keeping us all inside, I would venture to guess those numbers have stabilized.

I agree with your last statement though. Employers should make decisions that are best for their employees (the humans that are doing the work), to best accomodate their preference as best they can. Obviously, some jobs need to be done in person. However, a large majority can be done from home, and done more efficiently. This further reduces traffic congestion (as we saw here in Seattle, and the nightmare traffic that returned once Amazon required workes to return to the office).",9,TON3R,2.0,1723150002.0,lh64qnn,lh5holh
"That's fair. Studies, surveys, and information should be collected about the current sentiment regarding working from home. Even better would be to directly ask city or county employees, share that information internally, and make a transparent decision about the organization's actions. I suspect that is not currently happening, which is both bothersome and dishonest.

It is incidents like this that I hope people remember when selecting local political leadership. I am not sure if there are any honest people in politics, but treachery should not be forgotten.",10,throwaway7126235,2.0,1723153664.0,lh6gcxk,lh64qnn
"That's fair. It may work in your circumstance, and perhaps there should be a way to apply for an exemption. However, for many people, the isolation and inability to develop working relationships can be damaging to their mental health.",5,throwaway7126235,1.0,1723140535.0,lh59b4x,lh47at8
This causes traffic jam to be high unnecessarily.,2,Sweaty-Attempted,5.0,1723078396.0,lh18cwy,lgzasbz
"Agreed, dick move. But then companies are less motivated to spend money on office space, which affects property owners, as well as coffee shops and restaurants nearby that might end up with fewer or no customers at all",2,VSirius,1.0,1723101201.0,lh2lek7,lgzasbz
"solution isnt to drag folks back... the coffee shops formed to help support and live off the workers.  if the workers moved, so should the coffee shops.

im tired of being told how i have to keep giving money and support to business owners when im stuck making min wage and i will never own my own busineses.   

capitalism is supposed to be about that coffee shop going out of business if they dont innovate.  it's not supposed to be about business owners forcing customers into their shops to buy stuff

guarantee you the instant the company no longer needs me and lays me off i wont be able to say ""you can't fire me because im needed here to buy coffee in the mornings""

this argument reminds me of how OR and NJ wouldnt let you pump your own gas because it would take away jobs",3,TortiousTordie,4.0,1723132219.0,lh4hzoc,lh2lek7
"I honestly don't know how much coffee shops can influence politics, but something tells me rich office space/property owners will do what they can to keep their money flowing in",4,VSirius,3.0,1723133567.0,lh4mctw,lh4hzoc
"no doubt, that seems to be the real common denominator.

id place wagers, if i had money, that RTO will be enforced long enough to stabilize retail/commercial estate values so folks at the top can sell... then they'll stop giving AF when the next rubes are holding the bag.",5,TortiousTordie,2.0,1723136519.0,lh4w13h,lh4mctw
"Exactly, their solution is to create artificial demand. This area should have the highest density of living units of all of Seattle, it should have interesting things to do. There's no entertainment district, and most people I know only go down there for the nightlife.",4,[deleted],1.0,1723147534.0,lh5wh8c,lh4hzoc
"exactly... the Mayor could have also leveraged building out MDU/condo's to get folks into those coffee shops.

tbf, it's prob just easier to force the workers to bend the knee and there isnt much some folks can do about it since OP here said they have choices (they can just get another job)",5,TortiousTordie,2.0,1723148336.0,lh5z4q4,lh5wh8c
[deleted],1,[deleted],14.0,1723059679.0,lgzom8e,lgynphg
100% this. Probably 90% of government employees are not in public facing customer service roles.,2,izzletodasmizzle,4.0,1723090105.0,lh21l67,lgzom8e
The real reality is that half of the city employees are expendable.,2,Easy_Opportunity_905,1.0,1723104376.0,lh2q9l8,lgzom8e
"The city is doing this the same reason all other major employers in seattle have done it. Layoffs are coming. Lots of people accepted their current job based off the remote policy at time of hire. If employers can get some people to leave on their own it reduces their cost by not having to fire the person. 

True motivations aren't the regurgitated words like collaboration, equity, synergy and the instance that coworkers want to be friends. True motivations are usually the ugly truth management won't speak about outside their closed door meetings.",2,Usual-Culture2706,2.0,1723156979.0,lh6pyjc,lgzom8e
Hear hear. Getting anything done over emails/calls with city was always impossible. What worked was going down to the counter and forcing them to. Now there is no counter and emails/calls still donâ€™t work. If these people canâ€™t bother to come to work then get people who can.,1,Accomplished-Wash381,7.0,1723078876.0,lh19okp,lgynphg
SDCI customer service was a shit show for the last few years. It's still a shit show but at least now you can complain to someone in person about it. Hopefully once they've been back at the office long enough they'll get some customer service figured out.,1,BWW87,3.0,1723085909.0,lh1ryve,lgynphg
? The counters are always staffed and you get easily set up meetings with permits staff via calling or email.,1,hypsignathus,1.0,1723087453.0,lh1vnvo,lgynphg
"Mayor: ""If were are paying you 100k to sit around all day, at least spend some of it in Seattle.""",0,svengalus,21.0,1723055827.0,lgzc149,1emfw6e
100k for city officials? Where can I sign up,1,wichwigga,6.0,1723080430.0,lh1dv0j,lgzc149
"The average cubicle could cost an extra $20k+ per year if you factor in electricity, facilities, security, rent, internet. If the argument is costs, youâ€™re better off letting them stay home if they donâ€™t have customer facing roles.",1,GotProof,5.0,1723095507.0,lh2c041,lgzc149
The City Government should be available to the people of the city.  This only makes sense,0,somenamestakenn,32.0,1723051555.0,lgyxy97,1emfw6e
"Jeez. Mandate. They work for public should be available for public service. I'm tired of this remote work for govt employees.Â 


Since govt employees went to work from home, can you house those homeless people into those empty buildings?Â Â ",1,q_ali_seattle,-18.0,1723052978.0,lgz2o1f,lgyxy97
"I represent maintenance workers at a housing authority - during covid we were trying to get hazard pay for them as they were the only people in the entire organization not working from home (obviously you need to go to the buildings you are maintaining) but the executive teams reasoning for them not getting it was ""you know, it's hard to work from home to so that wouldn't be fair"". The best part was the executive team was getting covid left and right while the maintenance crew wasn't - almost like these people ""working from home"" were just doing whatever the fuck they wanted and going out in the public and fraternizing  but claimed it was far to dangerous to go into the office. I wish people would stop acting like they are entitled to work from home - it's not a right and it came about bc of a fucking pandemic - pandemic is over, go to work if that's what is asked of you or go find another job. Rant over.",2,alittlebitneverhurt,4.0,1723058239.0,lgzjwgh,lgz2o1f
">pandemic is over, go to work if that's what is asked of you or go find another job. Rant over.


Also those B.S covid policies are still in effect in most state building. City or county I don't know much.",3,q_ali_seattle,1.0,1723193525.0,lh8wbxr,lgzjwgh
"What's your definition of ""available""? Are you saying that every public employee should be able to present themselves on the spot, in person, if you request it? Most roles aren't public facing and can perform their duties just fine remotely.",1,izzletodasmizzle,13.0,1723090219.0,lh21tyz,lgyxy97
"There's a lot of jobs, though, that aren't public facing and have zero benefit being in-person.

Unless you like the extra traffic.",1,unimportantop,1.0,1723183842.0,lh8ha5f,lgyxy97
"Let's just cut the bullshit Rivera. People have been doing their jobs from home for years now with no real issues with productivity. The cat is out of the bag, pandora's box is opened, etc. This isn't about the injustice of some people being able to work from home while some can't either.

You're trying to force a comeback for Downtown Seattle by making more people come back into town and I wouldn't be surprised if you were actively talking to business leaders in Seattle to make that happen. 

Instead of making Seattle a place people want to come to by making it a desirable place to be, you've decided to go down the route that requires the least amount of effort on your part and have decided to try to force Seattle upon everyone. 

It's the same antiquated leadership ideals you're seeing all across the Greater Seattle Area. Just stop trying to sell me a line on bullshit.",0,Nepalus,30.0,1723055912.0,lgzcb84,1emfw6e
"> actively talking to business leaders in Seattle

From the way my company keeps talking about RTO, this is the only reason that makes sense to me.",1,ColonelError,7.0,1723064968.0,lh05y2p,lgzcb84
"Lol, if you believe that I have abridge to sell you.  Maybe 20% of employees are as productive remote.  Of course way more think they are special unicorns.  Easier to just bring em back.",1,PleasantWay7,-1.0,1723075721.0,lh1151p,lgzcb84
"What the heck are you talking about?

Was at one of the big 3 around here when COVID hit, guess what? Nothing stopped. We all went home, logged in, and kept doing the job.

Products got released on time, contracts were signed on time, big deals were made on time. We had meetings every quarter where leadership got online and talked about how we were beating revenue, our KPI's, etc.

Now all the sudden once the situation has settled down, we need to ""get back into the office"" because ""productivity is down"" after multiple years of us kicking ass and experiencing huge stock gains all throughout the WFH era. Sounds like you already bought the bridge partner.

Because what it really is, is a bunch of Boomer bosses that don't like change, a bunch of middle managers that need to justify their existence, and a C-Suite that needs to justify the leases and ownership of these giant ass buildings. Meanwhile whenever I come in there's tons of inefficiencies. People have to commute and run into traffic and are late for meetings, sometimes their childcare falls through and they have to handle that and are stuck at home anyway, all the fucking bullshitting about Debbie's stupid kids and Craig's failing marriage in the hallway, the lunches that all the sudden turn from an hour in front of my home computer to hour and a half plus in the cafe because I'm with the team and the aforementioned bullshitting runs long... I could go on and on.

They also haven't even bothered hiring back half the staff that made coming in even worth it. No onsite IT, EA's are down, there's not enough seats/offices to go around because we've hired so much, the morale budget hasn't been brought back up to speed and we don't even get to have the traditional events, happy hours, gifts, etc. anymore.

I go in about twice a week when my manager and most of my team is in because I actually like my team and I am close to campus so I can't really bitch all that much. But if I had the commute some of my teammates do, you'd be lucky to see my ass more than once every other week. If I did show up too, I'd be out right after lunch to beat traffic and finish from home after I got my badge in for the day.",2,Nepalus,5.0,1723078349.0,lh188ap,lh1151p
">But if I had the commute some of my teammates do, you'd be lucky to see my ass more than once every other week. If I did show up too, I'd be out right after lunch to beat traffic and finish from home after I got my badge in for the day.

I'm sure they are hoping these policies weed out employees with your attitude. The reality is, it is extremely difficult to measure white color worker productivity. Many of the things like culture, innovation, etc. are hard to measure and the effects don't show up till years later.",3,Critical_Court8323,1.0,1723132600.0,lh4j8hj,lh188ap
"Itâ€™s extremely easy for me, if the work doesnâ€™t get done projects literally canâ€™t be completed/started. Thereâ€™s dozens of dashboards and trackers showing the process of projects and who is the current owner of the current stage of the project. Iâ€™m in a dozen different meetings that are recorded and have AI notes/metrics being taken. We have weekly team meetings and manager check ins. 

If you canâ€™t understand if your employees are being productive in 2024 youâ€™re just a bad manager. Full stop.

Because the only reason you would need people in office is to hover over your people making sure they are chained to their desk instead of enabling them to go out and do what you hired them to do in the first place.",4,Nepalus,2.0,1723137960.0,lh50rn5,lh4j8hj
[That's not what studies show](https://www.nature.com/articles/s41586-024-07500-2),2,earthwulf,3.0,1723097794.0,lh2fxtm,lh1151p
"Return to work will have the opposite desired outcome like most city policies. Increasing the cost to work isn't going to increase the amount of discretionary income city workers have to spend downtown. Ironically this will cause people to bring coffee and food from home instead of treating themselves to something on their office days.

Ignoring the fact this push for 3 days a week is just to push some people out the door or into retirement. Anyone they can get to leave voluntarily right now reduces the number of layoffs they'll announce once the next budget is finalized. 

November is a weird ass time to try to revitalize downtown. People go out in the summer. November is however around the time 2025 budget will materialize.",1,Usual-Culture2706,2.0,1723157743.0,lh6s4cm,lgzcb84
"This is not being done because the city government dislikes city employees, and even if they did, city employees have a lot of protections. It is being done because the political leaders in this city receive campaign contributions and kickbacks from property owners who own downtown buildings. They are trying to increase the usage of services, boost sales, and occupy buildings.

Some tasks can be carried out remotely as effectively as in person, while others benefit from team collaboration, interdepartmental teams, and providing mentorship for new employees. The commute to downtown is a concern, but long-term city employees should have already taken that into account when applying for and accepting their positions. Downtown is well-served by public transit, roads, bus connections, ferries, trains, etc. This does not mean commuting there is easy or pleasant, but it is better than other locations.",0,throwaway7126235,3.0,1723131569.0,lh4fv9o,1emfw6e
"Yes, add more congestion to I5, less available parking spaces! Make the job shit so only shit people will apply.",0,generic-curiosity,20.0,1723052993.0,lgz2prv,1emfw6e
Well maybe if everyone really was as productive as home as they are in the office this wouldn't have happened.,1,BrunsonBurnerTech,-3.0,1723059950.0,lgzpift,lgz2prv
"They are though. They want em in office cause managers want to be more hands on and building rent. If the job is getting done, who cares where itâ€™s getting done from/at",2,SexiestPanda,5.0,1723064876.0,lh05ndd,lgzpift
Which buildings are the city paying rent on?,3,pacific_plywood,2.0,1723065852.0,lh08q0u,lh05ndd
Yeah but it's not getting done is the thing. Some people kick ass working from home. Most do not...,3,BrunsonBurnerTech,1.0,1723158959.0,lh6vjs0,lh05ndd
getting paid to take care of personal matters during th day,2,itstreeman,0.0,1723065557.0,lh07swa,lgzpift
You mean they'll hire the same people based on nepotism and DEI like they've always done? Oh no!,1,Critical_Court8323,1.0,1723131919.0,lh4h080,lgz2prv
Some wealthy donor who owns office space downtown must have called the mayor on his cell phone to demand the return.,0,MrBlonde_SD,11.0,1723063461.0,lh011r4,1emfw6e
I think this is good.,0,TappyMauvendaise,5.0,1723061105.0,lgztaux,1emfw6e
Why?,1,earthwulf,2.0,1723097820.0,lh2fzaj,lgztaux
This was already posted yesterday with the exact same title.,0,coffeebribesaccepted,4.0,1723057283.0,lgzgtq7,1emfw6e
Probably see it again tomorrow.  Thatâ€™s Reddit for ya,1,Relevant_Winter1952,2.0,1723067083.0,lh0cio5,lgzgtq7
"My wife works for the city in IT and she says it is embarrassing how little everyone works. They are all unionized, entrenched, and don't want to have to learn or do anything.

I doubt this will help.",0,PM_ME_UR_NUDE_TAYNES,9.0,1723061058.0,lgzt5dt,1emfw6e
"For the sake of argument, then pay the people the same wage as other private IT companies pay.... I'm sure the city pays abysmally low compared to the major employers such as Amazon, Microsoft, Google, etc. in this area.",1,izzletodasmizzle,1.0,1723090413.0,lh228yy,lgzt5dt
"Nah, they are paid fine, and they get pension .

They need to fire all of them.",2,PM_ME_UR_NUDE_TAYNES,2.0,1723129613.0,lh49kxz,lh228yy
"You know the employees pay like 8% of their wages into that pension right? It's not like the glory days of a 100% employer paid pension. Also a pension doesn't help you live today. I'd think you'd support your wife getting paid more but if you think she is compensated fairly, ok, that works for you.",3,izzletodasmizzle,2.0,1723173575.0,lh7xb99,lh49kxz
Oh the humanity!,0,aseattlem,2.0,1723089033.0,lh1z8o4,1emfw6e
Good. If people donâ€™t like it I am sure there are WFH jobs they can find.,0,juancuneo,5.0,1723049672.0,lgyrq7i,1emfw6e
Same view of police / police unions when they complain about how tough their job too?,1,izzletodasmizzle,2.0,1723090497.0,lh22fg5,lgyrq7i
Time for a new mayor,0,pacific_plywood,2.0,1723065930.0,lh08yvr,1emfw6e
[deleted],0,[deleted],0.0,1723055795.0,lgzbxgj,1emfw6e
Shortsighted and incredibly stupid for a wide variety of reasons. Itâ€™s why voters should focus on the bolstering of the education system. The education system is clearly not working if weâ€™re getting this low level of critical thinking trying to justify going back to an office.,1,lazieryoda,0.0,1723056951.0,lgzfqe1,lgzbxgj
[deleted],1,[deleted],10.0,1723057084.0,lgzg66v,lgzbxgj
"Letâ€™s be real, those trains would have been unmaintained anyways, one way or another. Canâ€™t be having good public transit in America!",2,SexiestPanda,-1.0,1723065067.0,lh0699f,lgzg66v
"Yes because the best of the best choose to....work from home and not give their best effort lol.

The best of the best choose to be on site as much as possible because the best of the best are hands on and get shit done",1,lokglacier,0.0,1723067323.0,lh0d96c,lgzbxgj
"City jobs are desirable jobs. There's a reason politicians hand them out as political favors. They have great benefits are generally low stress and often have protections against getting fired for poor performance. The pay isn't bad either which is why the city always gets many more applicants than they need.

The hysteria in the last couple of threads from many of these entitled workers about having to return to the city they work for shows this is the right move. We saw the same hysteria during COVID from the Teacher's Unions and it cost our children dearly.",0,Critical_Court8323,1.0,1723132132.0,lh4hpht,1emfw6e
"As a reminder city policies rarely yield the results envisioned by the egomaniacal leadership/politicians. Since the idiot mayor envisions this helping to ""revitalize"" downtown you can almost count on the opposite happening.

It's reasonable to assume what little discretionary income city workers have to spend downtown will not increase when you effectively issue a pay cut by increasing the cost to work. Another day in office increases commuting costs, childcare and pet care costs, cuts down on free time, etc.... City employees are not about to start going to happy hours and shopping after work because they're required to be their. They're about to start bringing their lunches and coffees from home.....",0,Usual-Culture2706,1.0,1723155864.0,lh6mtjs,1emfw6e
Bullshit,0,Public-Helicopter-64,1.0,1723175926.0,lh82ibo,1emfw6e
Walking the walk I see. Â Insane how late to the party they are. Â Maybe more city employees will see first hand the product they are putting out there that the rest of us working plebes have had to endure. Â Watch your step now!,0,timute,-1.0,1723052402.0,lgz0r79,1emfw6e
[deleted],0,[deleted],1.0,1723049932.0,lgyslfe,1emfw6e
The mayor is the head of the city government?,1,Cerulean_IsFancyBlue,3.0,1723051156.0,lgywn1j,lgyslfe
And we thought democrats would help regular people.,0,Sweaty-Attempted,1.0,1723078477.0,lh18ktc,1emfw6e
The current mayor and council are democrats in name only on many positions.,1,boringnamehere,1.0,1723102106.0,lh2mt3m,lh18ktc
Why,0,Osirus9,-2.0,1723047747.0,lgyle72,1emfw6e
"Attempts to bring more money into the city.


The writing is on the wall and it says the cash cow is not coming back.",1,thisguypercents,14.0,1723047967.0,lgym4g0,lgyle72
"Down town Seattle sucks.Â  Microsoft closed all of their off campus office space and most companies are taking space in Bellevue, or not at all.Â  No one wants to be ""downtown"" it just isn't a, pleasant place to be.",2,LostAbbott,19.0,1723050169.0,lgytdk9,lgym4g0
"> Microsoft closed all of their off campus office space

To be fair, that was always one of the goals with their campus refresh and that started before the pandemic.",3,PendragonDaGreat,8.0,1723052770.0,lgz1yze,lgytdk9
"Getting into downtown Seattle sucks, getting out sucks, simply being there sucks.",3,[deleted],2.0,1723055681.0,lgzbjvg,lgytdk9
But we have to experience the homelessness. We can't turn blind eyes.,3,Sweaty-Attempted,1.0,1723078558.0,lh18swf,lgytdk9
So much this. Having commuted into Seattle for around 2 years I just didn't see the point. I work on the Eastside now where I live and damn its so much better.,3,Nepalus,1.0,1723105192.0,lh2ri8z,lgytdk9
Fucking booooooooo,0,poseidondeep,0.0,1723055953.0,lgzcg2p,1emfw6e
[deleted],0,[deleted],-7.0,1723047465.0,lgykh1u,1emfw6e
I don't work for Seattle but I work for another city in the area and I will honestly say the biggest waste of money in public sector is all of the red tape that needs to be worked through just to install a door handle on the park shitter.,1,BrunsonBurnerTech,3.0,1723060067.0,lgzpwjz,lgykh1u
Each one of those red tapes were put in place because of people in the public who look at every way to sue someone with deep pockets.,2,izzletodasmizzle,1.0,1723090576.0,lh22l9d,lgzpwjz
Shitty cycle,3,BrunsonBurnerTech,1.0,1723090861.0,lh236p1,lh22l9d
The Seattle Mayer should be regulating nothing of the sort. Do any of you recognize the blatant illegal  act??,0,walk2future,0.0,1723083225.0,lh1l6p5,1emfw6e
How about five days lazy government fucks,0,[deleted],-12.0,1723053146.0,lgz386l,1emfw6e
C'mon. We're not all lazy ðŸ˜Ž,1,BrunsonBurnerTech,2.0,1723060111.0,lgzq1q3,lgz386l
